<?xml version="1.0" encoding="utf-8"?>
<feed xmlns="http://www.w3.org/2005/Atom">
  <title>冰水鉴心的博客</title>
  
  <subtitle>冰水鉴心</subtitle>
  <link href="/atom.xml" rel="self"/>
  
  <link href="https://xq773939719.github.io/"/>
  <updated>2018-12-28T15:56:54.000Z</updated>
  <id>https://xq773939719.github.io/</id>
  
  <author>
    <name>XQ</name>
    
  </author>
  
  <generator uri="http://hexo.io/">Hexo</generator>
  
  <entry>
    <title>LeetCode-String</title>
    <link href="https://xq773939719.github.io/category/LeetCode-String/"/>
    <id>https://xq773939719.github.io/category/LeetCode-String/</id>
    <published>2018-12-28T15:56:54.000Z</published>
    <updated>2018-12-28T15:56:54.000Z</updated>
    
    <summary type="html">
    
      LeetCode字符串专题。
    
    </summary>
    
    
  </entry>
  
  <entry>
    <title>LeetCode-Array</title>
    <link href="https://xq773939719.github.io/category/LeetCode-Array/"/>
    <id>https://xq773939719.github.io/category/LeetCode-Array/</id>
    <published>2018-12-28T15:56:44.000Z</published>
    <updated>2018-12-28T15:56:44.000Z</updated>
    
    <summary type="html">
    
      LeetCode数组专题。
    
    </summary>
    
      <category term="算法" scheme="https://xq773939719.github.io/categories/%E7%AE%97%E6%B3%95/"/>
    
    
      <category term="数据结构" scheme="https://xq773939719.github.io/tags/%E6%95%B0%E6%8D%AE%E7%BB%93%E6%9E%84/"/>
    
      <category term="C++" scheme="https://xq773939719.github.io/tags/C/"/>
    
      <category term="算法" scheme="https://xq773939719.github.io/tags/%E7%AE%97%E6%B3%95/"/>
    
  </entry>
  
  <entry>
    <title>转载-免费的编程中文书籍索引</title>
    <link href="https://xq773939719.github.io/category/%E8%BD%AC%E8%BD%BD-%E5%85%8D%E8%B4%B9%E7%9A%84%E7%BC%96%E7%A8%8B%E4%B8%AD%E6%96%87%E4%B9%A6%E7%B1%8D%E7%B4%A2%E5%BC%95/"/>
    <id>https://xq773939719.github.io/category/转载-免费的编程中文书籍索引/</id>
    <published>2018-12-23T17:51:32.000Z</published>
    <updated>2018-12-23T17:51:32.000Z</updated>
    
    <summary type="html">
    
      不错的中文书籍索引Github库
    
    </summary>
    
      <category term="书籍" scheme="https://xq773939719.github.io/categories/%E4%B9%A6%E7%B1%8D/"/>
    
    
      <category term="索引" scheme="https://xq773939719.github.io/tags/%E7%B4%A2%E5%BC%95/"/>
    
  </entry>
  
  <entry>
    <title>CalculatorGUI计算器基础实现</title>
    <link href="https://xq773939719.github.io/category/CalculatorGUI%E8%AE%A1%E7%AE%97%E5%99%A8%E5%9F%BA%E7%A1%80%E5%AE%9E%E7%8E%B0/"/>
    <id>https://xq773939719.github.io/category/CalculatorGUI计算器基础实现/</id>
    <published>2018-12-21T02:00:25.000Z</published>
    <updated>2018-12-20T15:03:25.000Z</updated>
    
    <summary type="html">
    
      iOS应用开发入门，持续更新，教训——慎重命名
    
    </summary>
    
      <category term="iOS" scheme="https://xq773939719.github.io/categories/iOS/"/>
    
    
      <category term="Objective-C" scheme="https://xq773939719.github.io/tags/Objective-C/"/>
    
      <category term="iOS" scheme="https://xq773939719.github.io/tags/iOS/"/>
    
      <category term="移动开发" scheme="https://xq773939719.github.io/tags/%E7%A7%BB%E5%8A%A8%E5%BC%80%E5%8F%91/"/>
    
  </entry>
  
  <entry>
    <title>转载-TimLiu-Android</title>
    <link href="https://xq773939719.github.io/category/%E8%BD%AC%E8%BD%BD-TimLiu-Android/"/>
    <id>https://xq773939719.github.io/category/转载-TimLiu-Android/</id>
    <published>2018-12-12T17:42:08.000Z</published>
    <updated>2018-12-12T17:42:08.000Z</updated>
    
    <summary type="html">
    
      Android开源项目及库
    
    </summary>
    
      <category term="工具" scheme="https://xq773939719.github.io/categories/%E5%B7%A5%E5%85%B7/"/>
    
    
      <category term="Android" scheme="https://xq773939719.github.io/tags/Android/"/>
    
      <category term="Java" scheme="https://xq773939719.github.io/tags/Java/"/>
    
  </entry>
  
  <entry>
    <title>转载-TimLiu-iOS-Swift</title>
    <link href="https://xq773939719.github.io/category/%E8%BD%AC%E8%BD%BD-TimLiu-iOS-Swift/"/>
    <id>https://xq773939719.github.io/category/转载-TimLiu-iOS-Swift/</id>
    <published>2018-12-12T17:41:57.000Z</published>
    <updated>2018-12-12T17:41:57.000Z</updated>
    
    <summary type="html">
    
      Swift版本，iOS开发常用三方库、插件、知名博客等等
    
    </summary>
    
      <category term="工具" scheme="https://xq773939719.github.io/categories/%E5%B7%A5%E5%85%B7/"/>
    
    
      <category term="iOS" scheme="https://xq773939719.github.io/tags/iOS/"/>
    
      <category term="Swift" scheme="https://xq773939719.github.io/tags/Swift/"/>
    
      <category term="macOS" scheme="https://xq773939719.github.io/tags/macOS/"/>
    
  </entry>
  
  <entry>
    <title>转载-TimLiu-iOS-OC</title>
    <link href="https://xq773939719.github.io/category/%E8%BD%AC%E8%BD%BD-TimLiu-iOS-OC/"/>
    <id>https://xq773939719.github.io/category/转载-TimLiu-iOS-OC/</id>
    <published>2018-12-12T17:41:30.000Z</published>
    <updated>2018-12-12T17:41:30.000Z</updated>
    
    <summary type="html">
    
      OC版本，iOS开发常用三方库、插件、知名博客等等
    
    </summary>
    
      <category term="工具" scheme="https://xq773939719.github.io/categories/%E5%B7%A5%E5%85%B7/"/>
    
    
      <category term="Objective-C" scheme="https://xq773939719.github.io/tags/Objective-C/"/>
    
      <category term="iOS" scheme="https://xq773939719.github.io/tags/iOS/"/>
    
      <category term="macOS" scheme="https://xq773939719.github.io/tags/macOS/"/>
    
  </entry>
  
  <entry>
    <title>转载-C++进阶指南</title>
    <link href="https://xq773939719.github.io/category/%E8%BD%AC%E8%BD%BD-CPP%E8%BF%9B%E9%98%B6%E6%8C%87%E5%8D%97/"/>
    <id>https://xq773939719.github.io/category/转载-CPP进阶指南/</id>
    <published>2018-12-12T17:11:21.000Z</published>
    <updated>2018-12-12T17:11:21.000Z</updated>
    
    <summary type="html">
    
      中文的C++ Template的教学指南。与知名书籍C++ Templates不同，该系列教程将C++ Templates作为一门图灵完备的语言来讲授，以求帮助读者对Meta-Programming融会贯通。(正在施工中)
    
    </summary>
    
      <category term="语言" scheme="https://xq773939719.github.io/categories/%E8%AF%AD%E8%A8%80/"/>
    
    
      <category term="C++" scheme="https://xq773939719.github.io/tags/C/"/>
    
      <category term="Template" scheme="https://xq773939719.github.io/tags/Template/"/>
    
  </entry>
  
  <entry>
    <title>转载-前端开发指南</title>
    <link href="https://xq773939719.github.io/category/%E8%BD%AC%E8%BD%BD-%E5%89%8D%E7%AB%AF%E5%BC%80%E5%8F%91%E6%8C%87%E5%8D%97/"/>
    <id>https://xq773939719.github.io/category/转载-前端开发指南/</id>
    <published>2018-12-12T17:11:04.000Z</published>
    <updated>2018-12-12T17:11:04.000Z</updated>
    
    <summary type="html">
    
      汇集了前端开发所使用语言的主流学习资源，并以开发者的视角进行整理编排而成。
    
    </summary>
    
      <category term="前端" scheme="https://xq773939719.github.io/categories/%E5%89%8D%E7%AB%AF/"/>
    
    
      <category term="JavaScript" scheme="https://xq773939719.github.io/tags/JavaScript/"/>
    
      <category term="HTML" scheme="https://xq773939719.github.io/tags/HTML/"/>
    
      <category term="CSS" scheme="https://xq773939719.github.io/tags/CSS/"/>
    
  </entry>
  
  <entry>
    <title>算法实验-最大二叉树</title>
    <link href="https://xq773939719.github.io/category/%E7%AE%97%E6%B3%95%E5%AE%9E%E9%AA%8C-%E6%9C%80%E5%A4%A7%E4%BA%8C%E5%8F%89%E6%A0%91/"/>
    <id>https://xq773939719.github.io/category/算法实验-最大二叉树/</id>
    <published>2018-12-04T17:14:52.000Z</published>
    <updated>2018-12-04T17:14:52.000Z</updated>
    
    <summary type="html">
    
      Given an integer array with no duplicates.Construct the maximum tree by the given array and output the root node of this tree.
    
    </summary>
    
      <category term="算法" scheme="https://xq773939719.github.io/categories/%E7%AE%97%E6%B3%95/"/>
    
    
      <category term="数据结构" scheme="https://xq773939719.github.io/tags/%E6%95%B0%E6%8D%AE%E7%BB%93%E6%9E%84/"/>
    
      <category term="C++" scheme="https://xq773939719.github.io/tags/C/"/>
    
      <category term="算法" scheme="https://xq773939719.github.io/tags/%E7%AE%97%E6%B3%95/"/>
    
  </entry>
  
  <entry>
    <title>算法实验-二叉树最大深度</title>
    <link href="https://xq773939719.github.io/category/%E7%AE%97%E6%B3%95%E5%AE%9E%E9%AA%8C-%E4%BA%8C%E5%8F%89%E6%A0%91%E6%9C%80%E5%A4%A7%E6%B7%B1%E5%BA%A6/"/>
    <id>https://xq773939719.github.io/category/算法实验-二叉树最大深度/</id>
    <published>2018-12-04T17:14:37.000Z</published>
    <updated>2018-12-04T17:14:37.000Z</updated>
    
    <summary type="html">
    
      Given a binary tree, find its maximum depth.The maximum depth is the number of nodes along the longest path from the root node down to the farthest leaf node.Note:A leaf is a node with no children.
    
    </summary>
    
      <category term="算法" scheme="https://xq773939719.github.io/categories/%E7%AE%97%E6%B3%95/"/>
    
    
      <category term="数据结构" scheme="https://xq773939719.github.io/tags/%E6%95%B0%E6%8D%AE%E7%BB%93%E6%9E%84/"/>
    
      <category term="C++" scheme="https://xq773939719.github.io/tags/C/"/>
    
      <category term="算法" scheme="https://xq773939719.github.io/tags/%E7%AE%97%E6%B3%95/"/>
    
  </entry>
  
  <entry>
    <title>转载-说说全栈</title>
    <link href="https://xq773939719.github.io/category/%E8%BD%AC%E8%BD%BD-%E8%AF%B4%E8%AF%B4%E5%85%A8%E6%A0%88/"/>
    <id>https://xq773939719.github.io/category/转载-说说全栈/</id>
    <published>2018-11-29T14:58:25.000Z</published>
    <updated>2018-11-29T14:58:25.000Z</updated>
    
    <summary type="html">
    
      全栈工程师是不给自己设限，是永远保持激情和学习欲望的一批人。
    
    </summary>
    
      <category term="全栈" scheme="https://xq773939719.github.io/categories/%E5%85%A8%E6%A0%88/"/>
    
    
      <category term="前端，后端" scheme="https://xq773939719.github.io/tags/%E5%89%8D%E7%AB%AF%EF%BC%8C%E5%90%8E%E7%AB%AF/"/>
    
  </entry>
  
  <entry>
    <title>转载-前端入门方法</title>
    <link href="https://xq773939719.github.io/category/%E8%BD%AC%E8%BD%BD-%E5%89%8D%E7%AB%AF%E5%85%A5%E9%97%A8%E6%96%B9%E6%B3%95/"/>
    <id>https://xq773939719.github.io/category/转载-前端入门方法/</id>
    <published>2018-11-29T14:53:49.000Z</published>
    <updated>2018-11-29T14:53:49.000Z</updated>
    
    <summary type="html">
    
      结合个人经历总结的前端入门方法。前端的终极目标其实就是创造用户体验，提升用户体验，以用户体验为中心。不管你是从交互设计上下手，还是从性能优化出发，或者改进工作流提升工作流效率，最终都是为了创造和提升用户体验，最终都要体现到用户体验这一点上来。
    
    </summary>
    
      <category term="前端" scheme="https://xq773939719.github.io/categories/%E5%89%8D%E7%AB%AF/"/>
    
    
      <category term="JavaScript" scheme="https://xq773939719.github.io/tags/JavaScript/"/>
    
      <category term="HTML" scheme="https://xq773939719.github.io/tags/HTML/"/>
    
      <category term="CSS" scheme="https://xq773939719.github.io/tags/CSS/"/>
    
  </entry>
  
  <entry>
    <title>算法实验-查找SubBST</title>
    <link href="https://xq773939719.github.io/category/%E7%AE%97%E6%B3%95%E5%AE%9E%E9%AA%8C-%E6%9F%A5%E6%89%BESubBST/"/>
    <id>https://xq773939719.github.io/category/算法实验-查找SubBST/</id>
    <published>2018-11-27T13:21:06.000Z</published>
    <updated>2018-11-27T13:21:06.000Z</updated>
    
    <summary type="html">
    
      Given the root node of a binary search tree (BST) and a value. You need to find the node in the BST that the node&#39;s value equals the given value. Return the subtree rooted with that node. If such node doesn&#39;t exist, you should return NULL.
    
    </summary>
    
      <category term="算法" scheme="https://xq773939719.github.io/categories/%E7%AE%97%E6%B3%95/"/>
    
    
      <category term="数据结构" scheme="https://xq773939719.github.io/tags/%E6%95%B0%E6%8D%AE%E7%BB%93%E6%9E%84/"/>
    
      <category term="C++" scheme="https://xq773939719.github.io/tags/C/"/>
    
      <category term="算法" scheme="https://xq773939719.github.io/tags/%E7%AE%97%E6%B3%95/"/>
    
  </entry>
  
  <entry>
    <title>算法实验-合并二叉树</title>
    <link href="https://xq773939719.github.io/category/%E7%AE%97%E6%B3%95%E5%AE%9E%E9%AA%8C-%E5%90%88%E5%B9%B6%E4%BA%8C%E5%8F%89%E6%A0%91/"/>
    <id>https://xq773939719.github.io/category/算法实验-合并二叉树/</id>
    <published>2018-11-27T13:20:24.000Z</published>
    <updated>2018-11-27T13:20:24.000Z</updated>
    
    <summary type="html">
    
      Given two binary trees and imagine that when you put one of them to cover the other, some nodes of the two trees are overlapped while the others are not.
    
    </summary>
    
      <category term="算法" scheme="https://xq773939719.github.io/categories/%E7%AE%97%E6%B3%95/"/>
    
    
      <category term="数据结构" scheme="https://xq773939719.github.io/tags/%E6%95%B0%E6%8D%AE%E7%BB%93%E6%9E%84/"/>
    
      <category term="C++" scheme="https://xq773939719.github.io/tags/C/"/>
    
      <category term="算法" scheme="https://xq773939719.github.io/tags/%E7%AE%97%E6%B3%95/"/>
    
  </entry>
  
  <entry>
    <title>Python结课课设</title>
    <link href="https://xq773939719.github.io/category/Python%E7%BB%93%E8%AF%BE%E8%AF%BE%E8%AE%BE/"/>
    <id>https://xq773939719.github.io/category/Python结课课设/</id>
    <published>2018-11-27T11:47:26.000Z</published>
    <updated>2018-11-27T11:47:26.000Z</updated>
    
    <summary type="html">
    
      使用了numpy部分功能实现了一个简单的感知器算法
    
    </summary>
    
      <category term="语言" scheme="https://xq773939719.github.io/categories/%E8%AF%AD%E8%A8%80/"/>
    
    
      <category term="Python" scheme="https://xq773939719.github.io/tags/Python/"/>
    
      <category term="Numpy" scheme="https://xq773939719.github.io/tags/Numpy/"/>
    
      <category term="Pandas" scheme="https://xq773939719.github.io/tags/Pandas/"/>
    
      <category term="AI" scheme="https://xq773939719.github.io/tags/AI/"/>
    
  </entry>
  
  <entry>
    <title>JavaScript</title>
    <link href="https://xq773939719.github.io/category/JavaScript/"/>
    <id>https://xq773939719.github.io/category/JavaScript/</id>
    <published>2018-11-26T14:25:34.000Z</published>
    <updated>2018-11-26T14:25:34.000Z</updated>
    
    <summary type="html">
    
      JavaScript的视频笔记记录
    
    </summary>
    
      <category term="前端" scheme="https://xq773939719.github.io/categories/%E5%89%8D%E7%AB%AF/"/>
    
    
      <category term="JavaScript" scheme="https://xq773939719.github.io/tags/JavaScript/"/>
    
  </entry>
  
  <entry>
    <title>乔布斯-伟大的践行者</title>
    <link href="https://xq773939719.github.io/category/%E4%B9%94%E5%B8%83%E6%96%AF-%E4%BC%9F%E5%A4%A7%E7%9A%84%E8%B7%B5%E8%A1%8C%E8%80%85/"/>
    <id>https://xq773939719.github.io/category/乔布斯-伟大的践行者/</id>
    <published>2018-11-22T03:15:50.000Z</published>
    <updated>2018-11-22T03:15:50.000Z</updated>
    
    <summary type="html">
    
      Do you want to spend the rest of your life selling sugared water or do you want a chance to change the world?
    
    </summary>
    
      <category term="随笔" scheme="https://xq773939719.github.io/categories/%E9%9A%8F%E7%AC%94/"/>
    
    
      <category term="随笔" scheme="https://xq773939719.github.io/tags/%E9%9A%8F%E7%AC%94/"/>
    
  </entry>
  
  <entry>
    <title>技术路线图</title>
    <link href="https://xq773939719.github.io/category/%E6%8A%80%E6%9C%AF%E8%B7%AF%E7%BA%BF%E5%9B%BE/"/>
    <id>https://xq773939719.github.io/category/技术路线图/</id>
    <published>2018-11-21T06:44:33.000Z</published>
    <updated>2018-11-21T06:44:33.000Z</updated>
    
    <summary type="html">
    
      技术路线图，提供方向指引，抛砖引玉，不免狗尾续貂。
    
    </summary>
    
      <category term="技术" scheme="https://xq773939719.github.io/categories/%E6%8A%80%E6%9C%AF/"/>
    
    
      <category term="技术路线" scheme="https://xq773939719.github.io/tags/%E6%8A%80%E6%9C%AF%E8%B7%AF%E7%BA%BF/"/>
    
      <category term="思维导图" scheme="https://xq773939719.github.io/tags/%E6%80%9D%E7%BB%B4%E5%AF%BC%E5%9B%BE/"/>
    
      <category term="前端" scheme="https://xq773939719.github.io/tags/%E5%89%8D%E7%AB%AF/"/>
    
      <category term="后端" scheme="https://xq773939719.github.io/tags/%E5%90%8E%E7%AB%AF/"/>
    
      <category term="运维" scheme="https://xq773939719.github.io/tags/%E8%BF%90%E7%BB%B4/"/>
    
      <category term="测试" scheme="https://xq773939719.github.io/tags/%E6%B5%8B%E8%AF%95/"/>
    
  </entry>
  
  <entry>
    <title>算法实验-奇偶链表</title>
    <link href="https://xq773939719.github.io/category/%E7%AE%97%E6%B3%95%E5%AE%9E%E9%AA%8C-%E5%A5%87%E5%81%B6%E9%93%BE%E8%A1%A8/"/>
    <id>https://xq773939719.github.io/category/算法实验-奇偶链表/</id>
    <published>2018-11-21T05:13:09.000Z</published>
    <updated>2018-11-21T05:13:09.000Z</updated>
    
    <summary type="html">
    
      Given a singly linked list, group all odd nodes together followed by the even nodes. Please note here we are talking about the node number and not the value in the nodes.
    
    </summary>
    
      <category term="算法" scheme="https://xq773939719.github.io/categories/%E7%AE%97%E6%B3%95/"/>
    
    
      <category term="数据结构" scheme="https://xq773939719.github.io/tags/%E6%95%B0%E6%8D%AE%E7%BB%93%E6%9E%84/"/>
    
      <category term="C++" scheme="https://xq773939719.github.io/tags/C/"/>
    
      <category term="算法" scheme="https://xq773939719.github.io/tags/%E7%AE%97%E6%B3%95/"/>
    
  </entry>
  
</feed>
